title,description,advertiser,domain,category,source
Term Insurance for a Worry-Free Future,Term Insurance for a Worry-Free Future,Term Insurance on Easy EMI,termlife.policybazaar.com,Insurance,lokmattimes_scrape_2026-09-23
"Meet your match with our trusted, personalized matchmaking for elite clients.",,Elite Matrimony,elitematrimony.com,Matrimony & Dating,lokmattimes_scrape_2026-09-23
Crossout 2.0: Supercharged,,Crossout,crossout.net,Gaming,lokmattimes_scrape_2026-09-23
Exclusive matchmaking service for the Elite,,Elite Matrimony,elitematrimony.com,Matrimony & Dating,lokmattimes_scrape_2026-09-23
The cost of hearing aids in Pune might surprise you,,Hearing Aids,in.hear.com,Health & Wellness,lokmattimes_scrape_2026-09-23
Indians over 65 are switching from hearing aids to this new device.,,Hearing Loss,in.hear.com,Health & Wellness,lokmattimes_scrape_2026-09-23
Play War Thunder now for free,,War Thunder,warthunder.com,Gaming,lokmattimes_scrape_2026-09-23
Go from beginner to confident trader,,iFOREX,iforex.in,Finance & Investment,lokmattimes_scrape_2026-09-23
Indians over 70 are switching from hearing aids to this new device.,,Hearing Loss,in.hear.com,Health & Wellness,lokmattimes_scrape_2026-09-23
Mr. Bala’s Powerful Intraday Strategy Revealed – No More Guesswork,,TradeWise,tradewise.thefuture.university,Finance & Investment,lokmattimes_scrape_2026-09-23
Can trading work for you? Free forex trading course,,iFOREX,iforex.in,Finance & Investment,lokmattimes_scrape_2026-09-23
This smart hearing aid is shocking seniors over 65,,Hearing Aids,in.hear.com,Health & Wellness,lokmattimes_scrape_2026-09-23
Make Massive Side Income with this Method of Intraday Trading,,TradeWise,tradewise.thefuture.university,Finance & Investment,lokmattimes_scrape_2026-09-23
Adding an Extra ‘A’ to Your Name? Check This First,,Vedic Score,vedicscore.in,Astrology & Spirituality,lokmattimes_scrape_2026-09-23
Your Name and Birth Date: A Match or a Mismatch?,,Vedic Score,vedicscore.in,Astrology & Spirituality,lokmattimes_scrape_2026-09-23
Pune: Best Public Speaking Course for Children,,Planet Spark,planetspark.in,Education & Courses,lokmattimes_scrape_2026-09-23
"New Launch Apartments In Panvel, Navi Mumbai",,Crestoriaestatespanvel,crestoriaestatespanvel.com,Real Estate,lokmattimes_scrape_2026-09-23
नवी मुंबईत लवकर उपलब्ध घरे,,Crestoriaestatespanvel,crestoriaestatespanvel.com,Real Estate,lokmattimes_scrape_2026-09-23
Shriram FD – trusted across generations with 50+ years legacy.,,Shriram Finance Limited,campaign.shriramfinance.in,Finance & Investment,lokmattimes_scrape_2026-09-23
Go Beyond the Big Names. Explore Small Caps.,,Motilal Oswal,motilaloswalmf.com,Finance & Investment,lokmattimes_scrape_2026-09-23
Cat® CVA Services Commitment,,Cat® Customer Value Agreements,catmachine.co.in,Industrial & B2B,lokmattimes_scrape_2026-09-23
Help him! They have no means to afford his transplant.,,Give Hope India,givehopeindia.com,Charity & NGO,lokmattimes_scrape_2026-09-23
Empower your child’s future,,ICICI Pru Life SmartKid,iciciprulife.com,Insurance,lokmattimes_scrape_2026-09-23
Grow wealth for child's future,,ICICI Pru Life SmartKid,iciciprulife.com,Insurance,lokmattimes_scrape_2026-09-23
Christmas Styles for Cozy Winter Days,,Veluniva,veluniva.com,Fashion & Shopping,lokmattimes_scrape_2026-09-23
Our Best-Selling Blouses Are Here,,volusty,volusty.com,Fashion & Shopping,lokmattimes_scrape_2026-09-23
Act now! A stem cell transplant can save her.,,Give Hope India,givehopeindia.com,Charity & NGO,lokmattimes_scrape_2026-09-23
Cute Christmas Styles for Cozy Winter Days,,Veluniva,veluniva.com,Fashion & Shopping,lokmattimes_scrape_2026-09-23
This Young Woman Is Living In This Container - Take A Peek Inside,,Marvelousa,rfvtgb.marvelousa.com,Sponsored Content / Clickbait,lokmattimes_scrape_2026-09-23
Eagle Attempts to Grab Puppy in Yard - Watch What The Neighbor Did Next,,Tips and Tricks,tips-and-tricks.co,Sponsored Content / Clickbait,lokmattimes_scrape_2026-09-23
Eagle Tries to Steal Puppy from Yard – Whatch What the Neighbors Did,,Tips and Tricks,tips-and-tricks.co,Sponsored Content / Clickbait,lokmattimes_scrape_2026-09-23
Explore Modern AI Learning Infrastructure,,SearchResultOffers | Search Ads,searchresultoffers.com,Technology & Electronics,lokmattimes_scrape_2026-09-23
HPE AI Learning Servers Explained,,SearchResultOffers | Search Ads,searchresultoffers.com,Technology & Electronics,lokmattimes_scrape_2026-09-23
If You Eat Ginger Everyday for 1 Month This is What Happens,,Travel Sent,rfvtgb.travelsent.com,Sponsored Content / Clickbait,lokmattimes_scrape_2026-09-23
The 15 Most Beautiful Beaches On Earth,,Kingdom Of Men,kingdomofmen.com,Sponsored Content / Clickbait,lokmattimes_scrape_2026-09-23
78 Year Old Lady Built a Home Inside a Cave - The Inside Will Surprise You,,History 10,rfvtgb.history10.com,Sponsored Content / Clickbait,lokmattimes_scrape_2026-09-23
20 Signs That A Heart Attack Is Imminent,,Learn It Wise,rfvtgb.learnitwise.com,Sponsored Content / Clickbait,lokmattimes_scrape_2026-09-23
Submarine Found in Emptied Canal - Then Maintenance Workers Take a Look Inside,,History 10,rfvtgb.history10.com,Sponsored Content / Clickbait,lokmattimes_scrape_2026-09-23
"A firefighter saves a 9-month-old baby, years later, receives a letter that leaves him speechless.",,Kingdom Of Men,kingdomofmen.com,Sponsored Content / Clickbait,lokmattimes_scrape_2026-09-23
The New EX90 Is Finally Affordable (Take A Look),,SearchInfoHub | Search Ads,searchinfohub.com,Automotive,lokmattimes_scrape_2026-09-23
If A Cat Bites Their Owner Heres What It Really Means,,Gloriousa,gloriousa.com,Sponsored Content / Clickbait,lokmattimes_scrape_2026-09-23
Backyard Office Pods - See What They Cost (View),,SearchInfoHub | Search Ads,searchinfohub.com,Home & Living,lokmattimes_scrape_2026-09-23
Mother sold her daughter's old crib. Then she got a strange message from the crib buyer.,,Women's Method,womensmethod.com,Sponsored Content / Clickbait,lokmattimes_scrape_2026-09-23
Look closely: can you see the girl among the rocks? Hardly anyone can find it!,,Women's Method,womensmethod.com,Sponsored Content / Clickbait,lokmattimes_scrape_2026-09-23
The 20 Most Beautiful Female Celebrities [See list],,Trips-shop,trips-shop.com,Sponsored Content / Clickbait,lokmattimes_scrape_2026-09-23
Most beautiful female celebs ranked [view list],,Trips-shop,trips-shop.com,Sponsored Content / Clickbait,lokmattimes_scrape_2026-09-23
Her Groom Left Her. She Took Revenge On Him By Losing Weight,,The Travel Breeze,thetravelbreeze.com,Sponsored Content / Clickbait,lokmattimes_scrape_2026-09-23
Batik: Where Nature's Inspiration Meets Modern Aquatic Design,,Piccolo,mosaicpiccolo.com,Home & Living,lokmattimes_scrape_2026-09-23
She Took Revenge On Her Former Lover By Losing Weight. The Result Was Incredible!,,The Travel Breeze,thetravelbreeze.com,Sponsored Content / Clickbait,lokmattimes_scrape_2026-09-23
"When I Got Married, I Didn’t Confess The House Was Mine—Then My Mother-in-Law And Husband Did This",,dailytopic24,dailytopic24.com,Sponsored Content / Clickbait,lokmattimes_scrape_2026-09-23
Jesus' Tomb Is Opened And Scientists Find Something Unbelievable,,House Jogger,housejogger.com,Sponsored Content / Clickbait,lokmattimes_scrape_2026-09-23
The 21 Most Beautiful Women Of All-Time,,Daily Sport X,dailysportx.com,Sponsored Content / Clickbait,lokmattimes_scrape_2026-09-23
Dog Slept Next To Woman Every Night - Until She Noticed What's Been Happening To Her,,Tipgalore,tipgalore.com,Sponsored Content / Clickbait,lokmattimes_scrape_2026-09-23
20 Actors Who Have Serious Martial Arts Skills In Real Life,,House Jogger,housejogger.com,Sponsored Content / Clickbait,lokmattimes_scrape_2026-09-23
My Husband Planned A 'Business Trip' With His Assistant. I Packed His Bags. Then I Called The Hotel To Arrange A 'Surprise' That Ruined Their Entire Weekend,,Tipgalore,tipgalore.com,Sponsored Content / Clickbait,lokmattimes_scrape_2026-09-23
"Blind husband regains his sight, but doesn't tell his wife and he realizes he's been lied to for years.",,Novelodge,novelodge.com,Sponsored Content / Clickbait,lokmattimes_scrape_2026-09-23
These 20 Celebrity Glow-Ups Are Hard To Recognize,,kingbuiltbullies,kingbuiltbullies.com,Sponsored Content / Clickbait,lokmattimes_scrape_2026-09-23
Shield your tournament from DDoS. Free L7 protection.,,OVHcloud,ovh.commander1.com,Technology & Electronics,lokmattimes_scrape_2026-09-23
Celebrity Couples Who Started Their Relationships as Affairs,,TheFoodHealth.com,thefoodhealth.com,Sponsored Content / Clickbait,lokmattimes_scrape_2026-09-23
"Gear that keeps up, no excuses",,Trek Kit India,trekkit.in,Fashion & Shopping,lokmattimes_scrape_2026-09-23
Flexibility for Life,,Flexibility for Life,healthandsoul.online,Health & Wellness,lokmattimes_scrape_2026-09-23
Mountain Gear for Extreme Conditions,,Trek Kit India,trekkit.in,Fashion & Shopping,lokmattimes_scrape_2026-09-23
A Simple Guide to Moving More Comfortably,,Flexibility for Life,healthandsoul.online,Health & Wellness,lokmattimes_scrape_2026-09-23
Elisabeth Shue Wears A Tennis Skirt At 62 And The Internet Is Crazy,,Direct Sharing,directsharing.com,Sponsored Content / Clickbait,lokmattimes_scrape_2026-09-23
"Nurse Adopts Abandoned Baby No One Wanted. 18 Years Later, She Cries When She Finally Discovers Why",,Novelodge,novelodge.com,Sponsored Content / Clickbait,lokmattimes_scrape_2026-09-23
Coast Guard Intercepts Strange Blue Boat. Then They Take A Look Inside!,,Cleverst,cleverst.com,Sponsored Content / Clickbait,lokmattimes_scrape_2026-09-23
"Your game server, your rules. Low ping, no downtime, no DDoS cap.",,OVHcloud,ovh.commander1.com,Technology & Electronics,lokmattimes_scrape_2026-09-23
Before and After: Celebrity Weight Loss Transformations and Their Success Secrets,,kingbuiltbullies,kingbuiltbullies.com,Sponsored Content / Clickbait,lokmattimes_scrape_2026-09-23
You've Seen These Colours Before. Now notice them differently.,,Piccolo,mosaicpiccolo.com,Home & Living,lokmattimes_scrape_2026-09-23
9 years ago - Most beautiful twins. Their appearance today will shock you,,High Tally,hightally.com,Sponsored Content / Clickbait,lokmattimes_scrape_2026-09-23
"Sally Field Is 79, Hold On Tight Before You See Her Now",,Cleverst,cleverst.com,Sponsored Content / Clickbait,lokmattimes_scrape_2026-09-23
Explore America in a Campervan,,Rv Van Rental,srchly.co,Travel & Tourism,lokmattimes_scrape_2026-09-23
Add Baking Soda To Your Grey Hairs And Watch What Happens,,Plays Star,playsstar.com,Sponsored Content / Clickbait,lokmattimes_scrape_2026-09-23
Tiger reunites with the zookeeper after 5 years. See the tiger's reaction!,,The Family Breeze,thefamilybreeze.com,Sponsored Content / Clickbait,lokmattimes_scrape_2026-09-23
This 87-Year-Old Woman Lives in a 27 m2 House - Take a Look Inside,,Travel Sent,rfvtgb.travelsent.com,Sponsored Content / Clickbait,lokmattimes_scrape_2026-09-23
Marie Osmond Is 66 Hold On Tight Before You See Her Now,,Daily Sport X,dailysportx.com,Sponsored Content / Clickbait,lokmattimes_scrape_2026-09-23
What Dolly Parton Looks Like Without Her Signature Wig,,High Tally,hightally.com,Sponsored Content / Clickbait,lokmattimes_scrape_2026-09-23
Canadian Industry: What Caused Its Decline?,,Three Reasons for the Decline in the Manufacturing Sector in Canada,srchly.co,Industrial & B2B,lokmattimes_scrape_2026-09-23
Personality test based on your nose form,,The Family Breeze,thefamilybreeze.com,Sponsored Content / Clickbait,lokmattimes_scrape_2026-09-23
Canada's Manufacturing: Why the Downturn?,,Three Reasons for the Decline in the Manufacturing Sector in Canada,srchly.co,Industrial & B2B,lokmattimes_scrape_2026-09-23
Innovation Drives Korea's Tool Sector,,Korea Machine Tool Industry,srchly.co,Industrial & B2B,lokmattimes_scrape_2026-09-23
"Always Place a Plastic Bottle on Your Tires, Here's Why",,Articles Stone,articlestone.com,Sponsored Content / Clickbait,lokmattimes_scrape_2026-09-23
War Thunder - Register now for free and play against over 75 Million real Players,,War Thunder,warthunder.com,Gaming,lokmattimes_scrape_2026-09-23
Pre-Launch Rates on Yamuna Expressway's Luxury Address,,Gaurs Group,gaurhomes.com,Real Estate,lokmattimes_scrape_2026-09-23
Comfortable Tops for Effortless Everyday Style,,volusty,volusty.com,Fashion & Shopping,lokmattimes_scrape_2026-09-23
"Inside the Arte Series, where every Palladio Artistic Mural begins with inspiration.",,Palladio Glass Mosaic,palladiomosaic.com,Home & Living,lokmattimes_scrape_2026-09-23
"In a world shaped by AI, the Arte Series Artistic Murals by Palladio stand apart.",,Palladio,palladiomosaic.com,Home & Living,lokmattimes_scrape_2026-09-23
Breezy Linen Outfits,,CurveComfy,curvecomfy.com,Fashion & Shopping,lokmattimes_scrape_2026-09-23
"I found this snake in my back garden. When the vet saw it, he shouted, 'My God, call 911 right now!'",,Interesticle,interesticle.com,Sponsored Content / Clickbait,lokmattimes_scrape_2026-09-23
25 Real Life Stories of Embarrassingly Entitled Airline Passengers,,Journalistate,journalistate.com,Sponsored Content / Clickbait,lokmattimes_scrape_2026-09-23
Precision Engineering in Aerospace Production,,Aerospace Manufacturing Company,srchly.co,Industrial & B2B,lokmattimes_scrape_2026-09-23
Sleep Soundly: Discover Comforting Bedding,,Breathable Sheets,srchly.co,Home & Living,lokmattimes_scrape_2026-09-23
Complex Aircraft & Spacecraft Production Explored,,Aerospace Manufacturing Company,srchly.co,Industrial & B2B,lokmattimes_scrape_2026-09-23
Beat Night Sweats: Explore Cooling Sheet Options,,Breathable Sheets,srchly.co,Home & Living,lokmattimes_scrape_2026-09-23
Precision Engineering: Korean Tools Lead,,Korea Machine Tool Industry,srchly.co,Industrial & B2B,lokmattimes_scrape_2026-09-23
"Grandpa (75) Leaves Wife To Marry Girl (25). During The Vows, His Ex Does Something No One Saw Coming",,Vitaminews,vitaminews.com,Sponsored Content / Clickbait,lokmattimes_scrape_2026-09-23
"Woman sells ring given by ex, then jeweler tells her 'This can't be true'",,Journalistate,journalistate.com,Sponsored Content / Clickbait,lokmattimes_scrape_2026-09-23
Tyrus's Famous Wife Is Probably The Most Beautiful Woman To Ever Exist.,,Weight Loss Groove,weightlossgroove.com,Sponsored Content / Clickbait,lokmattimes_scrape_2026-09-23
The most dangerous dog breeds you should never handle on your own,,Story To Hear,storytohear.com,Sponsored Content / Clickbait,lokmattimes_scrape_2026-09-23
Stray Dog Sees His Owner After 2 Years. What He Does Next Will Stun You,,Learn It Wise,learnitwise.com,Sponsored Content / Clickbait,lokmattimes_scrape_2026-09-23
"After 5 years, Tiger reunites with her beloved zookeeper.",,Story To Hear,thefamilybreeze.com,Sponsored Content / Clickbait,lokmattimes_scrape_2026-09-23
My Brother-In-Law's Kids Kept Sneaking Into My Daughter’s Room. I Turned Pale When I Saw The Footage,,Tip Parents,tiparents.com,Sponsored Content / Clickbait,lokmattimes_scrape_2026-09-23
"Woman Takes Wedding Ring To Be Cleaned After 40 Years. The Jeweler Says, “You Shouldn’t Have This”",,Gloriousa,gloriousa.com,Sponsored Content / Clickbait,lokmattimes_scrape_2026-09-23
Pune – Born before 1976? You're eligible for trial of German hearing aid.,,Hearing Loss,in.hear.com,Health & Wellness,lokmattimes_scrape_2026-09-23
Indians over 65 are switching from hearing aids to this new device.,,Hearing Aids,in.hear.com,Health & Wellness,lokmattimes_scrape_2026-09-23
"Before You Pay a Numerologist, Check Your Name Free",,Vedic Score,vedicscore.in,Astrology & Spirituality,lokmattimes_scrape_2026-09-23
Sleep warm. Wake ready. Go again,,Trek Kit India,trekkit.in,Fashion & Shopping,lokmattimes_scrape_2026-09-23
Invest for every dream,,ICICI Pru Life SmartKid,iciciprulife.com,Insurance,lokmattimes_scrape_2026-09-23
Mother sold her baby's old bed. What happened next is incredible!,,Women's Method,womensmethod.com,Sponsored Content / Clickbait,lokmattimes_scrape_2026-09-23
Mother sold her daughter's bed. 3 days later the buyer made an incredible discovery!,,Women's Method,womensmethod.com,Sponsored Content / Clickbait,lokmattimes_scrape_2026-09-23
Prince Harry and William finally talk about their sister Laura who no one knew existed,,Daily Sport X,dailysportx.com,Sponsored Content / Clickbait,lokmattimes_scrape_2026-09-23
Captain collapsed during a march. The way the soldiers treated her left millions stunned.,,The Travel Breeze,thetravelbreeze.com,Sponsored Content / Clickbait,lokmattimes_scrape_2026-09-23
Army captain collapses on the march and the soldier's reaction is priceless,,The Travel Breeze,thetravelbreeze.com,Sponsored Content / Clickbait,lokmattimes_scrape_2026-09-23
Plank Every Day - 15 Effects On Your Body,,Kingdom Of Men,kingdomofmen.com,Sponsored Content / Clickbait,lokmattimes_scrape_2026-09-23
25 Real Life Stories of Embarrassingly Entitled Airline Passengers,,Tipgalore,tipgalore.com,Sponsored Content / Clickbait,lokmattimes_scrape_2026-09-23
Jesus' Tomb Is Opened And Scientists Find Something Unbelievable,,Novelodge,novelodge.com,Sponsored Content / Clickbait,lokmattimes_scrape_2026-09-23
After this great tip you will never have spiders in your house again!,,Kingdom Of Men,kingdomofmen.com,Sponsored Content / Clickbait,lokmattimes_scrape_2026-09-23
Marie Osmond Is 66 Hold On Tight Before You See Her Now,,House Jogger,housejogger.com,Sponsored Content / Clickbait,lokmattimes_scrape_2026-09-23
Celebrity Weight Loss Stories And Simple Secrets [See How],,kingbuiltbullies,kingbuiltbullies.com,Sponsored Content / Clickbait,lokmattimes_scrape_2026-09-23
I Was Kicked Out By My Mother-In-Law Even Though My Husband Warned Me,,Journalistate,journalistate.com,Sponsored Content / Clickbait,lokmattimes_scrape_2026-09-23
Research shows: these bacteria are found in coffee machines that are not cleaned properly,,The Family Breeze,thefamilybreeze.com,Sponsored Content / Clickbait,lokmattimes_scrape_2026-09-23
Watch what happened!,,Tips and Tricks,tips-and-tricks.co,Sponsored Content / Clickbait,lokmattimes_scrape_2026-09-23
New SUVs Within Your Budget (Take A Look),,SearchInfoHub | Search Ads,searchinfohub.com,Automotive,lokmattimes_scrape_2026-09-23
A Wolf Approaches a Girl on a Beach - See What Happens.,,History 10,rfvtgb.history10.com,Sponsored Content / Clickbait,lokmattimes_scrape_2026-09-23
This man's dream house is unbelievable.,,The Travel Breeze,thetravelbreeze.com,Sponsored Content / Clickbait,lokmattimes_scrape_2026-09-23
Dog Slept Next To Woman Every Night - Until She Noticed What's Been Happening To Her,,House Jogger,housejogger.com,Sponsored Content / Clickbait,lokmattimes_scrape_2026-09-23
"Remember Him, Better Sit Down Before You See What He Looks Like Now",,Cleverst,cleverst.com,Sponsored Content / Clickbait,lokmattimes_scrape_2026-09-23
"Gaming hosting from OVHcloud: guaranteed 1 Gbps, Anti-DDoS L7, NVMe SSD. Get started.",,OVHcloud,ovh.commander1.com,Technology & Electronics,lokmattimes_scrape_2026-09-23
Tiger got separated from her zookeeper 5 Years Ago. See their reunion!,,The Family Breeze,thefamilybreeze.com,Sponsored Content / Clickbait,lokmattimes_scrape_2026-09-23
Tiger meeting her former zookeeper after 5 years. See what happens next!,,The Family Breeze,thefamilybreeze.com,Sponsored Content / Clickbait,lokmattimes_scrape_2026-09-23
Legs stay dry. Pace stays high,,Trek Kit India,trekkit.in,Fashion & Shopping,lokmattimes_scrape_2026-09-23
How Much Does It Cost to Rent a Private Jet - The Prices May Surprise You!,,SearchResultOffers | Search Ads,searchresultoffers.com,Travel & Tourism,lokmattimes_scrape_2026-09-23
Average Cost To Rent A Private Jet May Surprise You! (Take A Look),,SearchResultOffers | Search Ads,searchresultoffers.com,Travel & Tourism,lokmattimes_scrape_2026-09-23
Stray Dog Sees His Owner After 2 Years. What He Does Next Will Stun You,,Tipgalore,tipgalore.com,Sponsored Content / Clickbait,lokmattimes_scrape_2026-09-23
25 Real Life Stories of Embarrassingly Entitled Airline Passengers,,Novelodge,novelodge.com,Sponsored Content / Clickbait,lokmattimes_scrape_2026-09-23
Speed up data processing. Scale with Intel Xeon 6. Discover Scale.,,OVHcloud,ovh.commander1.com,Technology & Electronics,lokmattimes_scrape_2026-09-23
Celebrity weight loss secrets revealed [See how],,kingbuiltbullies,kingbuiltbullies.com,Sponsored Content / Clickbait,lokmattimes_scrape_2026-09-23
Feeling Stiff? Try a Calmer Starting Point,,Flexibility for Life,healthandsoul.online,Health & Wellness,lokmattimes_scrape_2026-09-23
Dog Slept Next To Woman Every Night - Until She Noticed What's Been Happening To Her,,High Tally,hightally.com,Sponsored Content / Clickbait,lokmattimes_scrape_2026-09-23
Dolly Parton Only Wanted Longtime Wig and Makeup Artist at Her Side When She Died,,TMZ,tmz.com,Entertainment & Media,lokmattimes_scrape_2026-09-23
"My stepson said before the wedding, “Don't marry my dad.” I fainted when I found out why.",,Rest Wow,restwow.com,Sponsored Content / Clickbait,lokmattimes_scrape_2026-09-23
"[Story] Before the Wedding, My Stepson Gave Me a Warning I Couldn’t Ignore",,Rest Wow,restwow.com,Sponsored Content / Clickbait,lokmattimes_scrape_2026-09-23
Tyrus Ties The Knot With Familiar Face,,Weight Loss Groove,weightlossgroove.com,Sponsored Content / Clickbait,lokmattimes_scrape_2026-09-23
Your Name Looks Right. But Does Its Numerology Match?,,Vedic Score,vedicscore.in,Astrology & Spirituality,lokmattimes_scrape_2026-09-23
"17 years ago he saved her, now her letter made him cry.",,Kingdom Of Men,kingdomofmen.com,Sponsored Content / Clickbait,lokmattimes_scrape_2026-09-23
Your Birth Date Won’t Change. Should Your Name?,,Vedic Score,vedicscore.in,Astrology & Spirituality,lokmattimes_scrape_2026-09-23
Your nose form can tell you a lot about your personality. What kind of nose do you have?,,The Family Breeze,thefamilybreeze.com,Sponsored Content / Clickbait,lokmattimes_scrape_2026-09-23
"With these tips, you won’t waste energy anymore!",,Women's Method,womensmethod.com,Sponsored Content / Clickbait,lokmattimes_scrape_2026-09-23
Effortless Everyday Tops With a Stylish Twist,,volusty,volusty.com,Fashion & Shopping,lokmattimes_scrape_2026-09-23
Optimal Power for Your Enterprise,,Commercial Diesel Generators,srchly.co,Industrial & B2B,lokmattimes_scrape_2026-09-23
Explore with Solar: 30 Amp RV Power Systems,,Solar Generator with 30 Amp Rv Outlet,srchly.co,Technology & Electronics,lokmattimes_scrape_2026-09-23
Make Your Pitru Paksha Annadaan Meaningful,,The Akshaya Patra Foundation,akshayapatra.org,Charity & NGO,lokmattimes_scrape_2026-09-23
Alice In 'Workaholics' 'Memba Her?!,,TMZ,tmz.com,Entertainment & Media,lokmattimes_scrape_2026-09-23
Parents Planted A Hidden Camera At Son's Grave And Found The Unthinkable,,Vitaminews,vitaminews.com,Sponsored Content / Clickbait,lokmattimes_scrape_2026-09-23
Famous Couples Who Started as Affairs — You Won't Believe Who's on the List!,,TheFoodHealth.com,thefoodhealth.com,Sponsored Content / Clickbait,lokmattimes_scrape_2026-09-23
38 Celebrity Couples That Started As Affairs,,TheFoodHealth.com,thefoodhealth.com,Sponsored Content / Clickbait,lokmattimes_scrape_2026-09-23
An unexpected friendship between a woman and a bear - until this happens.,,Women's Method,womensmethod.com,Sponsored Content / Clickbait,lokmattimes_scrape_2026-09-23
[Gallery] 20 gorgeous photos from the original Star Wars trilogy,,The Family Breeze,thefamilybreeze.com,Sponsored Content / Clickbait,lokmattimes_scrape_2026-09-23
How Your Favorite Stars Look Barefaced [View photos],,Kingbuiltbullies,kingbuiltbullies.com,Sponsored Content / Clickbait,lokmattimes_scrape_2026-09-23
Support Homeless Mothers This Pitru Paksha,,The Akshaya Patra Foundation,akshayapatra.org,Charity & NGO,lokmattimes_scrape_2026-09-23
Police Officer Finds Woman Alone At Remote Road. Then She Reveals Something That Surprises Him,,Learn It Wise,learnitwise.com,Sponsored Content / Clickbait,lokmattimes_scrape_2026-09-23
Start Making Massive Side Income With This Intraday Trading Strategy,,TradeWise,tradewise.thefuture.university,Finance & Investment,lokmattimes_scrape_2026-09-23
"Firefighter saves girl, 17 years later a letter makes him cry.",,Kingdom Of Men,kingdomofmen.com,Sponsored Content / Clickbait,lokmattimes_scrape_2026-09-23
Solo Train Vacations For Seniors At Unbeatable Prices (View),,SearchInfoHub | Search Ads,searchinfohub.com,Travel & Tourism,lokmattimes_scrape_2026-09-23
20 Celeb Transformations That Quietly Stunned Hollywood,,kingbuiltbullies,kingbuiltbullies.com,Sponsored Content / Clickbait,lokmattimes_scrape_2026-09-23
Here's why you should add coffee to your yogurt every morning,,The Family Breeze,thefamilybreeze.com,Sponsored Content / Clickbait,lokmattimes_scrape_2026-09-23
What your nose form tells about your personality,,The Family Breeze,thefamilybreeze.com,Sponsored Content / Clickbait,lokmattimes_scrape_2026-09-23
Experience Refreshing Sleep Every Evening,,Breathable Sheets,srchly.co,Home & Living,lokmattimes_scrape_2026-09-23
Quiet RV Power: Solar Generators for Your Rig,,Solar Generator with 30 Amp Rv Outlet,srchly.co,Technology & Electronics,lokmattimes_scrape_2026-09-23
RV Power Solutions: 30 Amp Solar Generators,,Solar Generator with 30 Amp Rv Outlet,srchly.co,Technology & Electronics,lokmattimes_scrape_2026-09-23
Shooter Action MMO,,Crossout,crossout.net,Gaming,lokmattimes_scrape_2026-09-23
Here Is What A Cremation Should Cost In 2026 (Take A Look),,SearchResultOffers | Search Ads,searchresultoffers.com,Professional Services,lokmattimes_scrape_2026-09-23
Unlock Smart Gold Ring Purchases,,Gold Ring with Price and Weight,srchly.co,Fashion & Shopping,lokmattimes_scrape_2026-09-23
Gold Ring Value Unveiled,,Gold Ring with Price and Weight,srchly.co,Fashion & Shopping,lokmattimes_scrape_2026-09-23
Unlock Flavor: The Capsule Coffee Way,,Capsule Coffee,srchly.co,Food & Beverage,lokmattimes_scrape_2026-09-23
20 Celebs Who Quietly Transformed Their Look,,kingbuiltbullies,kingbuiltbullies.com,Sponsored Content / Clickbait,lokmattimes_scrape_2026-09-23
Join new Free to Play WWII MMO War Thunder,,War Thunder,warthunder.com,Gaming,lokmattimes_scrape_2026-09-23
Effective Insider Threat Solutions,,Insider Threat Detection Software,srchly.co,Technology & Electronics,lokmattimes_scrape_2026-09-23
Prevent Data Breaches From Insiders,,Insider Threat Detection Software,srchly.co,Technology & Electronics,lokmattimes_scrape_2026-09-23
Your Guide to Perfect Single Servings,,Capsule Coffee,srchly.co,Food & Beverage,lokmattimes_scrape_2026-09-23
Thoughtful Bereavement Gifts,,Unique Bereavement Gifts,srchly.co,Fashion & Shopping,lokmattimes_scrape_2026-09-23
Meaningful Ways to Remember,,Unique Bereavement Gifts,srchly.co,Fashion & Shopping,lokmattimes_scrape_2026-09-23
Top Global Container Firms Revealed,,Container Companies in the World,srchly.co,Industrial & B2B,lokmattimes_scrape_2026-09-23
Uncover Key Container Industry Players,,Container Companies in the World,srchly.co,Industrial & B2B,lokmattimes_scrape_2026-09-23
Small Business Sticker Production Guide,,Sticker Machine for Small Business,srchly.co,Industrial & B2B,lokmattimes_scrape_2026-09-23
Make a Difference for Orphans,,Donate to Orphanage,srchly.co,Charity & NGO,lokmattimes_scrape_2026-09-23
Guide to Impactful Child Support,,Donate to Orphanage,srchly.co,Charity & NGO,lokmattimes_scrape_2026-09-23
Common Reasons Lawyers Pass on Claims,,Why Won't a Personal Injury Lawyer Take My Case,srchly.co,Professional Services,lokmattimes_scrape_2026-09-23
Halloween Styles for Cozy Fall Days,,Veluniva,veluniva.com,Fashion & Shopping,lokmattimes_scrape_2026-09-23
Experience Coffee Convenience,,Capsule Coffee,srchly.co,Food & Beverage,lokmattimes_scrape_2026-09-23
Bath Fitters Remodel Solutions,,Bath Fitters Shower Remodel,srchly.co,Home & Living,lokmattimes_scrape_2026-09-23
"Remember Him, Better Sit Down Before You See What He Looks Like Now",,Daily Sport X,dailysportx.com,Sponsored Content / Clickbait,lokmattimes_scrape_2026-09-23
"I stumbled upon some kittens in my barn. When the vet arrived, he turned pale.",,Cleverst,cleverst.com,Sponsored Content / Clickbait,lokmattimes_scrape_2026-09-23
"Open a Demat account in 5 minutes, zero brokerage on delivery",,Zerodha,zerodha.com,Finance & Investment,curated
"Personal loan up to ₹25 lakh at 10.5% interest, instant approval",,Bajaj Finserv,bajajfinserv.in,Finance & Investment,curated
"SIP in top-rated mutual funds, start with ₹500",,Groww,groww.in,Finance & Investment,curated
Credit card with 5% cashback on online shopping,,HDFC Bank,hdfcbank.com,Finance & Investment,curated
Fixed deposit rates up to 8.5% p.a. for senior citizens,,Suryoday Bank,suryodaybank.com,Finance & Investment,curated
"Gold loan at lowest interest, disbursal in 30 minutes",,Muthoot Finance,muthootfinance.com,Finance & Investment,curated
Home loan balance transfer at 8.35%,,SBI,sbi.co.in,Finance & Investment,curated
"शेअर बाजारात गुंतवणूक सुरू करा, मोफत डीमॅट खाते",,Angel One,angelone.in,Finance & Investment,curated
Learn options trading and earn passive income from stock market,,StockPro,stockpro.in,Finance & Investment,curated
"Bitcoin and crypto trading app, buy with INR",,CoinDCX,coindcx.com,Finance & Investment,curated
NPS: save tax under 80CCD and build retirement corpus,,NPS Trust,npstrust.org.in,Finance & Investment,curated
"Instant loan app: get ₹50,000 in your bank in minutes",,KreditBee,kreditbee.in,Finance & Investment,curated
"Health insurance for family starting ₹15/day, cashless hospitals",,Star Health,starhealth.in,Insurance,curated
"Car insurance renewal in 2 minutes, save up to 85%",,Acko,acko.com,Insurance,curated
₹1 crore term plan for just ₹490/month,,Max Life,maxlifeinsurance.com,Insurance,curated
Compare two wheeler insurance quotes online,,Policybazaar,policybazaar.com,Insurance,curated
LIC Jeevan Anand policy - guaranteed returns and life cover,,LIC,licindia.in,Insurance,curated
"Senior citizen health insurance, no medical tests",,Care Health,careinsurance.com,Insurance,curated
ULIP plan with market linked returns and life cover,,HDFC Life,hdfclife.com,Insurance,curated
"आरोग्य विमा घ्या, कुटुंबाचे संरक्षण करा",,Bajaj Allianz,bajajallianz.com,Insurance,curated
"Diabetes reversal program by expert doctors, reduce HbA1c",,Fitterfly,fitterfly.com,Health & Wellness,curated
Knee pain? Painless treatment without surgery,,Healing Hands Clinic,healinghands.in,Health & Wellness,curated
"Full body checkup with 80 tests at ₹999, home sample collection",,Redcliffe Labs,redcliffelabs.com,Health & Wellness,curated
Ayurvedic remedy for joint pain and arthritis,,Kerala Ayurveda,keralaayurveda.biz,Health & Wellness,curated
Lose weight with a personalised diet plan from nutritionists,,HealthifyMe,healthifyme.com,Health & Wellness,curated
"Hair fall treatment and PRP therapy, book free consultation",,Dr Batra's,drbatras.com,Health & Wellness,curated
"IVF treatment with high success rates, EMI available",,Indira IVF,indiraivf.com,Health & Wellness,curated
Buy medicines online and get 25% off,,PharmEasy,pharmeasy.in,Health & Wellness,curated
"Dental implants at affordable cost, painless procedure",,Clove Dental,clovedental.in,Health & Wellness,curated
Yoga classes online for back pain relief,,Habuild,habuild.in,Health & Wellness,curated
"मोफत नेत्र तपासणी शिबिर, मोतीबिंदू शस्त्रक्रिया",,Lotus Eye Hospital,lotuseye.in,Health & Wellness,curated
Find your perfect Marathi life partner,,Shaadi.com,shaadi.com,Matrimony & Dating,curated
Register free to find matches from your community,,BharatMatrimony,bharatmatrimony.com,Matrimony & Dating,curated
"Meet verified singles near you, start dating today",,Tinder,tinder.com,Matrimony & Dating,curated
"मराठी वधू-वर सूचक मंडळ, मोफत नोंदणी",,Marathi Matrimony,marathimatrimony.com,Matrimony & Dating,curated
Second marriage? Find divorcee and widow profiles,,Jeevansathi,jeevansathi.com,Matrimony & Dating,curated
Serious relationships for busy professionals,,Aisle,aisle.co,Matrimony & Dating,curated
Play rummy online and win real cash,,RummyCircle,rummycircle.com,Gaming,curated
Build your fantasy cricket team and win crores,,Dream11,dream11.com,Gaming,curated
Top strategy game of 2026 - build your empire,,Rise of Kingdoms,riseofkingdoms.com,Gaming,curated
"Free online multiplayer shooter, download on PC",,Valorant,playvalorant.com,Gaming,curated
Play Ludo with friends and earn money,,Ludo King,ludoking.com,Gaming,curated
"New RPG adventure, play free in browser",,RAID Shadow Legends,plarium.com,Gaming,curated
"Online MBA from top university, UGC approved",,upGrad,upgrad.com,Education & Courses,curated
Crack UPSC with India's best teachers,,Unacademy,unacademy.com,Education & Courses,curated
"Learn Data Science and AI, placement assistance",,Great Learning,mygreatlearning.com,Education & Courses,curated
Admissions open 2026-27 for CBSE school in Pune,,Podar International School,podareducation.org,Education & Courses,curated
"Spoken English course for adults, speak fluently in 30 days",,EnglishYaari,englishyaari.com,Education & Courses,curated
Coding classes for kids aged 6-14,,WhiteHat Jr,whitehatjr.com,Education & Courses,curated
"JEE NEET coaching, scholarship test this Sunday",,Allen,allen.ac.in,Education & Courses,curated
"Study in Canada, free counselling for visa and admission",,Leverage Edu,leverageedu.com,Education & Courses,curated
एमपीएससी परीक्षेची तयारी ऑनलाइन क्लास,,Mission MPSC,missionmpsc.com,Education & Courses,curated
Certified digital marketing course with internship,,Simplilearn,simplilearn.com,Education & Courses,curated
2 & 3 BHK luxury flats in Hinjewadi starting ₹65 lakh,,Kolte Patil,koltepatil.com,Real Estate,curated
"Ready to move homes in Thane, possession in 2026",,Lodha,lodhagroup.in,Real Estate,curated
Buy NA plots near Nagpur Samruddhi highway,,Plot Bazaar,plotbazaar.in,Real Estate,curated
Commercial office space for lease in BKC,,JLL,jll.co.in,Real Estate,curated
"RERA approved township in Wakad, book site visit",,Godrej Properties,godrejproperties.com,Real Estate,curated
"१ व २ बीएचके फ्लॅट्स, पुण्यात बुकिंग सुरू",,VTP Realty,vtprealty.in,Real Estate,curated
Find rental flats without brokerage,,NoBroker,nobroker.in,Real Estate,curated
Second homes and villas in Lonavala,,Isprava,isprava.com,Real Estate,curated
"Modular kitchen designs, 45 day installation",,Livspace,livspace.com,Home & Living,curated
"Premium sofas and furniture, up to 50% off",,Pepperfry,pepperfry.com,Home & Living,curated
Waterproofing solutions for your terrace this monsoon,,Dr. Fixit,drfixit.co.in,Home & Living,curated
Wall paints that last 10 years,,Asian Paints,asianpaints.com,Home & Living,curated
Orthopedic mattress with 100 night trial,,Wakefit,wakefit.co,Home & Living,curated
Interior design for 2BHK at ₹3.5 lakh,,HomeLane,homelane.com,Home & Living,curated
"Water purifier RO+UV, free installation",,Kent RO,kent.co.in,Home & Living,curated
"Festive sarees collection, flat 40% off",,Myntra,myntra.com,Fashion & Shopping,curated
Diwali sale: up to 80% off on fashion and electronics,,Flipkart,flipkart.com,Fashion & Shopping,curated
"Handcrafted gold jewellery, 0% making charges",,Tanishq,tanishq.co.in,Fashion & Shopping,curated
"Men's running shoes, buy 1 get 1",,Puma,puma.com,Fashion & Shopping,curated
Paithani saree direct from weavers of Yeola,,Paithani House,paithanihouse.com,Fashion & Shopping,curated
Kurtas and ethnic wear for women,,Biba,biba.in,Fashion & Shopping,curated
Great Indian Festival deals on Amazon,,Amazon,amazon.in,Fashion & Shopping,curated
Luxury watches at best prices,,Titan,titan.co.in,Fashion & Shopping,curated
दिवाळी खरेदी: कपड्यांवर ५०% सूट,,PN Gadgil Jewellers,pngjewellers.com,Fashion & Shopping,curated
"New 5G smartphone with 200MP camera, pre-order now",,Samsung,samsung.com,Technology & Electronics,curated
"Cloud hosting with 99.99% uptime, free SSL",,Hostinger,hostinger.in,Technology & Electronics,curated
"Best laptops for students under ₹50,000",,HP,hp.com,Technology & Electronics,curated
"Cybersecurity for small business, endpoint protection",,Quick Heal,quickheal.co.in,Technology & Electronics,curated
Fiber broadband 300 Mbps with free OTT apps,,JioFiber,jio.com,Technology & Electronics,curated
CRM software free trial for sales teams,,Zoho,zoho.com,Technology & Electronics,curated
Noise cancelling wireless earbuds,,boAt,boat-lifestyle.com,Technology & Electronics,curated
Smart TV 55 inch 4K QLED launch offer,,OnePlus,oneplus.in,Technology & Electronics,curated
Build AI apps with GPU cloud servers,,E2E Networks,e2enetworks.com,Technology & Electronics,curated
Book a test drive of the new electric SUV,,Tata Motors,tatamotors.com,Automotive,curated
"New Maruti Swift 2026, attractive finance offers",,Maruti Suzuki,marutisuzuki.com,Automotive,curated
"Electric scooter with 150 km range, subsidy available",,Ola Electric,olaelectric.com,Automotive,curated
Sell your old car in 1 hour at best price,,Cars24,cars24.com,Automotive,curated
"Royal Enfield Classic 350, book now",,Royal Enfield,royalenfield.com,Automotive,curated
"Mahindra Thar Roxx, festive season offer",,Mahindra,mahindra.com,Automotive,curated
"नवीन इलेक्ट्रिक स्कूटर, सबसिडीसह",,Ather,atherenergy.com,Automotive,curated
Luxury sedan lease plans for corporates,,Mercedes-Benz,mercedes-benz.co.in,Automotive,curated
"Kashmir tour package 5N/6D from ₹18,999",,Thomas Cook,thomascook.in,Travel & Tourism,curated
"Cheap flights to Dubai, book now",,MakeMyTrip,makemytrip.com,Travel & Tourism,curated
"Goa beach resort, 40% off this weekend",,Taj Hotels,tajhotels.com,Travel & Tourism,curated
Ashtavinayak darshan yatra by AC bus,,Kesari Tours,kesari.in,Travel & Tourism,curated
Europe group tour for seniors,,Veena World,veenaworld.com,Travel & Tourism,curated
Book train tickets with free cancellation,,ixigo,ixigo.com,Travel & Tourism,curated
Donate for cancer treatment of a child,,Ketto,ketto.org,Charity & NGO,curated
"Feed a cow this Navratri, donate for gau seva",,Gau Seva Trust,gauseva.org,Charity & NGO,curated
"Support girl child education, 80G tax benefit",,CRY,cry.org,Charity & NGO,curated
Sponsor a meal for a school child,,Akshaya Patra,akshayapatra.org,Charity & NGO,curated
"Help flood victims in Maharashtra, donate now",,Goonj,goonj.org,Charity & NGO,curated
Your donation can save a life. Urgent surgery needed,,Milaap,milaap.org,Charity & NGO,curated
"Talk to astrologer, first consultation free",,Astrotalk,astrotalk.com,Astrology & Spirituality,curated
Get your free kundli and marriage prediction,,AstroSage,astrosage.com,Astrology & Spirituality,curated
Vastu consultation for your home and office,,Vastu Shastra,vastushastra.in,Astrology & Spirituality,curated
Book online puja at Trimbakeshwar,,Sri Mandir,srimandir.com,Astrology & Spirituality,curated
Lucky gemstone recommendation based on horoscope,,GemPundit,gempundit.com,Astrology & Spirituality,curated
मोफत जन्मकुंडली आणि भविष्य,,Astro Marathi,astromarathi.com,Astrology & Spirituality,curated
"Industrial air compressors, request a quote",,Atlas Copco,atlascopco.com,Industrial & B2B,curated
CNC machines for precision manufacturing,,Jyoti CNC,jyoti.co.in,Industrial & B2B,curated
Warehouse storage racks and pallets manufacturer,,Godrej Storage,godrej.com,Industrial & B2B,curated
Bulk steel pipes and TMT bars supplier,,JSW Steel,jsw.in,Industrial & B2B,curated
"Rooftop solar for factories, save 70% electricity",,Tata Power Solar,tatapowersolar.com,Industrial & B2B,curated
Packaging machines for FMCG manufacturers,,Pack Tech,packtech.in,Industrial & B2B,curated
Logistics and freight forwarding for exporters,,Delhivery,delhivery.com,Industrial & B2B,curated
Order biryani and get 60% off on first order,,Swiggy,swiggy.in,Food & Beverage,curated
Fresh groceries delivered in 10 minutes,,Blinkit,blinkit.com,Food & Beverage,curated
"Premium basmati rice, taste of tradition",,India Gate,indiagate.com,Food & Beverage,curated
"Authentic Kolhapuri masala, order online",,Kolhapuri Masale,kolhapurimasale.in,Food & Beverage,curated
Healthy millet snacks for your family,,Slurrp Farm,slurrpfarm.com,Food & Beverage,curated
Ice cream offers this summer,,Amul,amul.com,Food & Beverage,curated
"Dine at the best restaurants, flat 20% off",,Zomato,zomato.com,Food & Beverage,curated
Watch the new web series streaming now,,Netflix,netflix.com,Entertainment & Media,curated
New Marathi movie in theatres this Friday,,Zee Studios,zeestudios.com,Entertainment & Media,curated
Book movie tickets and get ₹100 off,,BookMyShow,bookmyshow.in,Entertainment & Media,curated
Stream IPL live in 4K,,JioHotstar,hotstar.com,Entertainment & Media,curated
Listen to ad free music,,Spotify,spotify.com,Entertainment & Media,curated
"Live concert in Mumbai, tickets selling fast",,District,district.in,Entertainment & Media,curated
मराठी चित्रपट आता ऑनलाइन पहा,,Planet Marathi,planetmarathi.com,Entertainment & Media,curated
Consult a lawyer online for property disputes,,LawRato,lawrato.com,Professional Services,curated
GST registration and ITR filing by CAs,,ClearTax,cleartax.in,Professional Services,curated
Company registration in 7 days,,Vakilsearch,vakilsearch.com,Professional Services,curated
"Packers and movers, safe relocation",,Agarwal Packers,agarwalpackers.com,Professional Services,curated
Home cleaning and pest control services,,Urban Company,urbancompany.com,Professional Services,curated
Funeral services and cremation arrangements,,Mokshshil,mokshshil.com,Professional Services,curated
Personal injury claim? Get free legal advice,,Legal Helpline,legalhelp.in,Professional Services,curated
"Hiring now: work from home jobs, apply today",,Naukri,naukri.com,Jobs & Careers,curated
Walk-in interview for BPO executives in Pune,,Apna,apna.co,Jobs & Careers,curated
Government job alerts: police bharti 2026,,Sarkari Result,sarkariresult.com,Jobs & Careers,curated
"Delivery partner jobs, earn up to ₹35,000 per month",,Zepto,zeptonow.com,Jobs & Careers,curated
"Top companies hiring freshers, upload your CV",,LinkedIn,linkedin.com,Jobs & Careers,curated
नोकरीची संधी: पुण्यात भरती सुरू,,Job Marathi,jobmarathi.com,Jobs & Careers,curated
"Part time jobs for students, weekly payout",,Indeed,indeed.co.in,Jobs & Careers,curated
"Pay property tax online before 31 March, get 5% rebate",,Pune Municipal Corporation,pmc.gov.in,Government & Public Notices,curated
Tender notice: construction of road works,,PWD Maharashtra,mahapwd.gov.in,Government & Public Notices,curated
Ladki Bahin Yojana: apply for monthly benefit,,Government of Maharashtra,maharashtra.gov.in,Government & Public Notices,curated
"Get vaccinated, protect your family - Ministry of Health",,MoHFW,mohfw.gov.in,Government & Public Notices,curated
Swachh Bharat: keep your city clean,,Swachh Bharat Mission,swachhbharat.mygov.in,Government & Public Notices,curated
Voter registration drive: enrol before the deadline,,Election Commission,eci.gov.in,Government & Public Notices,curated
सार्वजनिक सूचना: पाणी पुरवठा बंद राहील,,Nagpur Municipal Corporation,nmcnagpur.gov.in,Government & Public Notices,curated
E-auction notice for sale of property under SARFAESI Act,,Bank of Maharashtra,bankofmaharashtra.in,Government & Public Notices,curated
You won't believe what this child star looks like now,,Buzz Daily,buzzdaily.com,Sponsored Content / Clickbait,curated
Doctors are stunned by this simple trick,,Health Gossip,healthgossip.net,Sponsored Content / Clickbait,curated
20 photos taken at the perfect moment,,Picture Perfect,pictureperfect.co,Sponsored Content / Clickbait,curated
"Her husband left her, what she did next is shocking",,Story Viral,storyviral.com,Sponsored Content / Clickbait,curated
